{
  "IcoMoonType": "selection",
  "icons": [
    {
      "icon": {
        "paths": [
          "M887.467 753.664c0 21.299-7.311 37.547-21.927 48.742s-32.556 16.794-53.821 16.794h-735.969c-21.263 0-39.203-5.734-53.822-17.203s-21.928-27.58-21.928-48.333c0-16.384 4.784-33.041 14.353-49.971l367.585-658.637c17.542-30.037 38.274-45.056 62.194-45.056s44.121 15.019 60.6 45.056l368.385 659.456c9.564 17.476 14.35 33.86 14.35 49.152zM499.15 335.053v-119.603h-110.834v119.603c0 7.646 0.532 14.882 1.595 21.709s2.525 14.473 4.385 22.938c1.86 8.465 3.323 15.701 4.385 21.709l20.732 132.71h47.044l21.529-132.71c1.063-5.461 2.658-12.561 4.784-21.299s3.721-16.521 4.784-23.347c1.063-6.827 1.595-14.063 1.595-21.709zM499.15 652.083c0-15.838-5.448-29.218-16.346-40.141s-24.054-16.384-39.47-16.384c-14.884 0-27.775 5.461-38.672 16.384s-16.346 24.303-16.346 40.141c0 15.838 5.448 29.355 16.346 40.55s23.788 16.794 38.672 16.794c15.416 0 28.572-5.598 39.47-16.794s16.346-24.713 16.346-40.55z"
        ],
        "attrs": [
          {}
        ],
        "width": 1092,
        "isMulticolor": false,
        "isMulticolor2": false,
        "grid": 0,
        "tags": [
          "worning"
        ]
      },
      "attrs": [
        {}
      ],
      "properties": {
        "order": 12,
        "id": 1,
        "name": "worning",
        "prevSize": 32
      },
      "setIdx": 1,
      "setId": 2,
      "iconIdx": 0
    }
  ],
  "height": 1024,
  "preferences": {
    "showGlyphs": true,
    "showQuickUse": true,
    "showQuickUse2": true,
    "showSVGs": true,
    "fontPref": {
      "prefix": "icon-",
      "metadata": {
        "fontFamily": "icomoon"
      },
      "metrics": {
        "emSize": 1024,
        "baseline": 6.25,
        "whitespace": 50
      },
      "embed": false
    },
    "imagePref": {
      "prefix": "icon-",
      "png": true,
      "useClassSelector": true,
      "color": 0,
      "bgColor": 16777215,
      "classSelector": ".icon",
      "name": "icomoon"
    },
    "historySize": 50,
    "showCodes": true,
    "gridSize": 16
  }
}